{
    "NSE_EQ:RELIANCE": {
        "qty": 269,
        "order_id": "251212105516237",
        "entry_price": 1548.7,
        "entry_time": 1765517117.3705564
    },
    "NSE_EQ:MOREPENLAB": {
        "qty": 10115,
        "order_id": "251212114001248",
        "entry_price": 41.19,
        "entry_time": 1765519802.367452
    },
    "NSE_EQ:SUVEN": {
        "qty": 2478,
        "order_id": "251212122402207",
        "entry_price": 168.09,
        "entry_time": 1765522443.3827882
    }
}