{
    "NSE_EQ:RELIANCE": {
        "qty": 124,
        "order_id": "251216152332799",
        "entry_price": 1542.4,
        "entry_time": 1765878813.127691
    },
    "NSE_EQ:DEEPAKFERT": {
        "qty": 136,
        "order_id": "251217092445869",
        "entry_price": 1224.7,
        "entry_time": 1765943687.061443
    },
    "NSE_EQ:KNRCON": {
        "qty": 1152,
        "order_id": "251217095522604",
        "entry_price": 144.62,
        "entry_time": 1765945523.4271111
    }
}